"id","codigo","id_proveedor","nombre_generico","id_unidad_medida","concentracion","usuario_crea","usuario_actualiza","fecha_creacion","fecha_actualizacion","nombre_comercial"
"44","","9","Loratadina","6","5 mg / 5 ml","hportillo","hportillo","1456864043","1456864043","Sinhistan"
"45","","9","Loratadina","7","10 mg","hportillo","hportillo","1456864069","1456864069","Sinhistan"
"46","","9","Loratadina + Betametasona","6","5 mg + 0.25 mg / 5 ml","hportillo","hportillo","1456864233","1456864233","Sinhistan - Cort"
"3","","4","Dimenhidrinato","8","50 mg","hportillo","hportillo","1456848528","1456848528","Dramanyl"
"4","","4","Propionato de Fluticasona 125mcg","17","125 mcg","hportillo","hportillo","1456851134","1456851134","Flohale 125"
"5","","4","Salmeterol - Propionato de Fluticasona","17","25 mcg -125 mcg","hportillo","hportillo","1456851415","1456851415","Seroflo 125"
"7","","4","Vit. A, D y K","9","120.000 UI + 600.000 UI + 7.5 mg","hportillo","hportillo","1456851927","1456851927","Vitadak - 15"
"8","","4","Diclofenac+ Vit. B1 + B6 y B12","7","50 mg + 50 mg + 50 mg + 1000 mcg","hportillo","hportillo","1456852104","1456852104","Diclo - Neuraxin"
"9","","4","Saccharomyces boulardii","14","200 mg","hportillo","hportillo","1456852221","1456852221","Pediarol"
"10","","4","Simeticona","7","50 mg","hportillo","hportillo","1456852261","1456852261","Anaflat"
"11","","4","Sucralfato","6","1 gr / 5 ml","hportillo","hportillo","1456852304","1456852304","Sucrassyl"
"12","","4","Simeticona","11","100 mg / 1 ml","hportillo","hportillo","1456852343","1456852364","Simeticona gotas PL"
"13","","4","Tobramicina","12","3 mg / 1 ml","hportillo","hportillo","1456852439","1456852439","Iris Tobra"
"14","","4","Hedera Helix","6","35 mg / 5 ml","hportillo","hportillo","1456852473","1456852473","Bronquilar"
"15","","5","Trimetropin Sulfametozaxole","6","40 mg / 160 mg en 5 ml","hportillo","hportillo","1456853270","1456853270","Meditroprin"
"16","","5","Acetaminofén","11","100 mg / 1 ml","hportillo","hportillo","1456853325","1456853325","Tylofen gotas"
"17","","5","Nifuroxazida","8","400 mg","hportillo","hportillo","1456853464","1456853464","Dearexin"
"18","","5","Nifuroxazida","6","220 mg / 5 ml","hportillo","hportillo","1456853493","1456853493","Dearexin"
"19","","5","Aciclovir","19","5 gr en 100 gr","hportillo","hportillo","1456853617","1456853617","Acivirex"
"20","","5","Aciclovir","6","200 mg / 5 ml","hportillo","hportillo","1456853642","1456853642","Acivirex"
"22","","6","Vit. B1 + B6 y B12 + Citrato de Hierro","10","200 mg + 100 mg + 10,000 mcg + 0.2 mg","hportillo","hportillo","1456855227","1456855227","Nervofer"
"24","","6","Vit. B1, B6, B12 + Metamizol","10","100 mg + 50 mg + 5.000 mcg + 1000 mg","hportillo","hportillo","1456855407","1456855407","Dolo Nervofer"
"25","","6","Vit. B1, B6, B12 + Diclofenac","7","100 mg + 100 mg + 100 mcg + 50 mg","hportillo","hportillo","1456855468","1456855468","Dolo Nervofer"
"27","","6","Metamizol + Citrato de Orfenadrina","10","500 mg + 30 mg","hportillo","hportillo","1456855617","1456855617","Bendringesic Forte"
"28","","6","Ibuprofeno + Citrato de Orfenadrina","7","450 mg + 35 mg","hportillo","hportillo","1456855668","1456855668","Bendringesic"
"21","","5","Aciclovir","7","400 mg","hportillo","hportillo","1456853704","1456859118","Acivirex"
"29","","6","Vit. A, D y Oxido de Zinc","19","0.1 gr + 0.2 gr + 15 gr en 100 gr","hportillo","hportillo","1456860285","1456860285","Escalsin vitaminado"
"30","","6","Ibuprofeno","7","600 mg","hportillo","hportillo","1456860313","1456860313","Ibuntol"
"32","","6","Aspartato de Arginina","9","5 gr / 10 ml","hportillo","hportillo","1456860384","1456860384","Amino NRG"
"34","","6","Metronidazol + Furoato de Diloxanida","6","200 mg + 100 mg en 5 ml","hportillo","hportillo","1456860460","1456860460","Quistemizole"
"35","","6","Metronidazol + Nistatina","19","10 gr + 2.000.000 UI en 100 gr","hportillo","hportillo","1456860515","1456860515","Tricam V"
"37","","7","Ambroxol + Clembuterol","6","7.5 mg + 0.005 mg / 5 ml","hportillo","hportillo","1456862341","1456862341","Mucobroxol compositum"
"36","","7","Carboximetilcisteina + Dextrometorfano + Clorferniramina + Guayacolato","6","150 mg + 5 mg + 2.5 mg + 75 mg","hportillo","hportillo","1456862293","1456862366","Fluibron"
"38","","7","Vit. B1 + B2 + Niacina + B6 + B12 + Ac. Pantoténico","9","4.5 mg + 1.7 mg + 20 mg + 3 mg + 18 mcg + 10 mg","hportillo","hportillo","1456862687","1456862687","Ultra Doceplex"
"39","","8","Lactobacillus acidophilus","8","170 mg","hportillo","hportillo","1456863095","1456863095","Bifidolac"
"40","","8","Lactobacillus acidophilus","14","170 mg","hportillo","hportillo","1456863121","1456863121","Bifidolac"
"41","","8","Desloratadina","6","2.5 mg / 5 ml","hportillo","hportillo","1456863142","1456863142","Desloran"
"42","","8","Clotrimazol + Neomicina + Betametasona","19","1 g + 0.5 g + 0.04 g en 100 g","hportillo","hportillo","1456863227","1456863227","Trigentax"
"43","","8","Hierro Polimaltosado + Vit. B1 + B2 + B6 + Nicotinamida","6","1 g + 50 mg + 50 mg + 50 mg + 0.5 mg / 100 ml","hportillo","hportillo","1456863477","1456863477","Ferbio Plus"
"49","","9","Guaifenesina + Dextrometorfan + Feniramina Maleato","6","0.5","hportillo","hportillo","1456864461","1456864461","Tussilan"
"50","","9","Acetaminofén","6","120 mg / 5 ml","hportillo","hportillo","1456864485","1456864485","Acetaminofén"
"52","","9","Azitromicina","7","500 mg","hportillo","hportillo","1456864566","1456864566","Lanzat"
"53","","9","Aminosidina","6","125 mg / 5 ml","hportillo","hportillo","1456864615","1456864615","Dediacol"
"54","","9","Aminosidina","7","250 mg","hportillo","hportillo","1456864687","1456864687","Dediacol"
"55","","9","Amoxicilina + Ac. Clavulánico","6","400 mg + 57 mg / 5 ml","hportillo","hportillo","1456864984","1456864984","Clanic"
"56","","9","Amoxicilina + Ac. Clavulánico","7","1 gr + 57 mg","hportillo","hportillo","1456865021","1456865021","Clanic BID"
"57","","9","Esomeprazol","8","40 mg","hportillo","hportillo","1456865063","1456865063","Upral - E"
"58","","9","Cefixima","8","400 mg","hportillo","hportillo","1456865094","1456865094","Etadex"
"51","","9","Acetaminofén","7","500 mg","hportillo","hportillo","1456864532","1456865111","Acetaminofén"
"59","","9","Cefixima","6","100 mg / 5 ml","hportillo","hportillo","1456865133","1456865133","Etadex"
"60","","9","Desloratadina","7","5 mg","hportillo","hportillo","1456865157","1456865157","Vianasol"
"61","","10","Furoato de Mometasona","16","0.05%","hportillo","hportillo","1456934370","1456934370","Mometateg"
"62","","10","Salbutamol","17","100 mgr / inh","hportillo","hportillo","1456934412","1456934412","Salbutateg"
"64","","10","Cetirizina","6","5 mg / 5 ml","hportillo","hportillo","1456934479","1456934479","Cetiriteg"
"47","","9","Loratadina + Betametasona","7","5 mg + 0.25 mg","hportillo","hportillo","1456864277","1457127901","Sinhistan - Cort"
"63","002406160012","10","Cetirizina","7","10 mg","hportillo","hportillo","1456934444","1467660468","Cetiriteg TG"
"65","","10","Quinfamida + Mebendazol","6","20 mg + 60 mg","hportillo","hportillo","1456934522","1456934522","Quinfateg plus TG"
"68","","10","Nitazoxanida","7","500 mg","hportillo","hportillo","1456934661","1456934661","Nitazoxateg TG"
"200","","23","Suero Oral","6","45 meq / 1000 ml","hportillo","hportillo","1472513376","1486158942","Pedialyte Manzana"
"70","","10","Acetaminofen + Fenilefrina + Dextrometorfan bromhidrato + Clorfeniramina Maleato","7","1.000 mg + 10 mg + 20 mg + 4 mg","hportillo","hportillo","1456934843","1456934843","Nor Cetin Forte Multisintomas"
"33","040316001018","6","Furoato de Diloxanida","7","500 mg","hportillo","hportillo","1456860418","1554481032","Quistameb"
"456","7441026000118","41","Salicilato de Metilo","19","120 gr","hportillo","hportillo","1583182228","1583182228","Cofal Fuerte"
"71","","10","Zinc","6","10 mg / 5 ml","hportillo","hportillo","1456934882","1456934882","Nor - Crezinc"
"72","","10","Quinfamida + Mebendazol","7","150 mg + 300 mg","hportillo","hportillo","1456934920","1456934920","Nor - Ameb plus"
"66","","10","Nitrofurantoina","7","100 mg","hportillo","hportillo","1456934565","1456935081","Nitrofurantoteg TG"
"74","","11","Nitazoxanida","6","100 mg / 5 ml de 60 ml","hportillo","hportillo","1456936212","1456936247","Farnitox"
"75","","11","Esomeprazol","7","40 mg","hportillo","hportillo","1456936275","1456936275","Esomeprazol"
"77","","11","Bromuro de Otilonio","7","40 mg","hportillo","hportillo","1456936384","1456936384","Farcolit"
"79","","11","Clorfeniramina + Fenilefrina","11","0.75 mg + 2 mg / 1 ml","hportillo","hportillo","1456937117","1456937117","Dextrodel - EX"
"78","","11","Clorfeniramina + Fenilefrina + Guaifenesina + Acetaminofen","6","1 mg + 10 mg + 50 mg + 120 mg","hportillo","hportillo","1456936834","1456937134","Dextrodel -EX"
"67","","10","Vit. C + Zinc","7","500 mg","hportillo","hportillo","1456934611","1456950022","Vita C + Zinc TG Fresa"
"80","","10","Vit. C + Zinc","7","500 mg","hportillo","hportillo","1456950083","1456950083","Vita C + Zinc TG Naranja"
"6","391901-B25","4","Vit. A, D y K","9","40.000UI + 200.000UI + 2.5 MG","hportillo","hportillo","1456851528","1456851528","Vitadak - 5"
"81","123456","8","Prueba","9","1212","cruiz","cruiz","1457536973","1457536973","Prueba"
"82","","12","Esomeprazol","14","10 mg","hportillo","hportillo","1459795981","1459795981","Esogastric"
"83","","12","Ranitidina","6","150 mg / 5 ml","hportillo","hportillo","1459796012","1459796012","RH2"
"91","","14","Mupirocina","19","20 mg en 5 gr","hportillo","hportillo","1459798673","1459798673","Mupiral"
"92","","14","Cetirizina","11","10 mg / 1 ml","hportillo","hportillo","1459798831","1459798831","Talerdin"
"90","","13","Bacitracina + Sulfato de Neomicina + Oxido de Zinc","19","250 UI + 5 mg + 250 g / 1 gramo","hportillo","hportillo","1459797531","1459799437","Neobacina"
"93","","16","Calamina","21","8 gr por 100 ml","hportillo","hportillo","1459799390","1459799505","Calamina mentolada"
"94","","16","Calamina","21","8 gr por 100 ml","hportillo","hportillo","1459799421","1459799515","Calamina antialergica"
"107","7640114721366","18","Hidróxido Férrico - Polimaltosa","11","50 mg / 1 ml","hportillo","hportillo","1460038116","1460386787","Ferrum-Haussman"
"95","","15","Multivitaminas y Minerales","7","400 mg","hportillo","hportillo","1459799954","1459799954","Ferrum - 16"
"96","","15","Amantadina + Clorfeniraina + fenilefrina + Acetaminofen","6","25 mg + 1 mg + 2.5 mg + 150 mg / 5 ml","hportillo","hportillo","1459800037","1459800037","Kidiflu"
"97","","15","Trimetropin sulfametoxazole","7","160 mg + 800 mg / tableta","hportillo","hportillo","1459800086","1459800086","Trisulfa Forte"
"98","","15","Dropropizina","6","15 mg / 5 ml","hportillo","hportillo","1459800122","1459800122","Tusihess"
"100","","17","Hierro aminoquelado + Acido Fólico + Lisina + vit. B12","6","160 mg + 3 mg + 100 mg + 125 mcg / 5 ml","hportillo","hportillo","1459802358","1459802358","Polinsana"
"87","","16","Suero oral polvo","14","90 mEq de Sodio por litro","hportillo","hportillo","1459797114","1459802456","Suero Oral Ancalmo Coco"
"86","","16","Suero oral polvo","14","90 mEq de Sodio por litro","hportillo","hportillo","1459797081","1459802990","Suero Oral Ancalmo Fresa"
"89","","16","Suero oral polvo","14","90 mEq de Sodio por litro","hportillo","hportillo","1459797183","1459803002","Suero Oral Ancalmo Vitaminado"
"88","","16","Suero oral polvo","14","90 mEq de Sodio por litro","hportillo","hportillo","1459797145","1459803016","Suero Oral Ancalmo Naranja"
"84","","13","Suero oral a base de arroz","6","30 mEq de Sodio x litro","hportillo","hportillo","1459796824","1459888215","Arrodex 30 fresa"
"85","","13","Suero oral a base de arroz","6","30 mEq de Sodio x litro","hportillo","hportillo","1459796997","1459888224","Arrodex 30 Cereza"
"101","","19","Hierro Aminoquelado + Acido fólico + Vit. B12","9","12 ml","hportillo","hportillo","1460037674","1460037674","Hierro Aminoquelado DB"
"105","7681900596027","18","Lisados bacterianos liofilizados","8","7 mg","hportillo","hportillo","1460037910","1460386808","Broncho Vaxom"
"104","7640107470042","18","Lisados bacterianos liofilizados","14","3.5 mg","hportillo","hportillo","1460037885","1460386822","Broncho Vaxom"
"109","","21","Acetaminofén Radon","6","125 mg/5ml","hportillo","hportillo","1462472981","1462472981","Acetaminofén"
"110","","21","Acetaminofén Radon","11","100 mg / 1 ml","hportillo","hportillo","1462473037","1462473037","Acetaminofén"
"106","7751384129803","18","Simeticona","7","40 mg","hportillo","hportillo","1460037942","1460397146","Aero-om"
"112","","21","Ciproheptadina","7","300 mg","hportillo","hportillo","1462473146","1462473146","Comevit"
"113","","21","Acido glutámico, Glicerofosfato de Calcio, Cianocobalaina, Riboflavina, Tiamina clorhidrato y Niacinamida","6","240 ML","hportillo","hportillo","1462473283","1462473283","Gluta ES - 3"
"103","","19","Aminosidina","7","250 mg","hportillo","hportillo","1460037807","1461704810","Paromed"
"102","","19","Multivitaminas y Minerales","6","120 ml","hportillo","hportillo","1460037719","1461704824","Apetolan DB"
"108","","20","Acido Salicílico 3%","6","3%","hportillo","hportillo","1462472632","1462472632","DHS SAL"
"114","","21","Acido Glutámico, Fosfato Tricálcico, Tiamina clorhidrato y Vit. B12","7","100 mg + 100 mg + 50 mg + 50 mg","hportillo","hportillo","1462473531","1462473531","GLUTA ES - 3 Plus"
"111","","21","Hidróxido de Aluminio + Hidróxido de Magnesio + Dimetilpolixilosano","6","3 gr + 1 gr + 50 mg / 100 ml","hportillo","hportillo","1462473104","1462473641","Alugel compuesto"
"115","","21","Bromuro de Dextrometorfano, Citrato de Sodio, Guayfenesina y clorfeniramina","6","5 mg + 20.5 mg + 5 mg + 1 mg /5 ml","hportillo","hportillo","1462473718","1462473718","Broncofin"
"116","","21","Salicilito de Metilo","19","4 gr / 100 gr","hportillo","hportillo","1462473792","1462473792","Artritex"
"117","","22","Vitamina A, D, C y Zinc","11","2,000 UI + 400 UI + 50 mg + 5 mg / 1 ml","hportillo","hportillo","1462543699","1462543699","ADEMIN"
"118","","22","Mometasona","19","0.1%","hportillo","hportillo","1462543885","1462543885","DER-AL"
"119","","22","Maleato de Bromfeniramina + Fenilerina + Guayacolato de Glicerilo + Fosfato de codeína","6","2 mg + 5 mg + 100 mg + 10 mg / 5 ml","hportillo","hportillo","1462544608","1462544608","GAMMATOS Antitusivo"
"120","","22","Maleato de Bromfeniramina + Fenilerina + Guayacolato de Glicerilo","11","04 mg + 1 mg +20 mg / 1 ml","hportillo","hportillo","1462544712","1462544712","GAMMATOS Expectorante"
"121","","22","Maleato de Bromfeniramina + Fenilerina + Guayacolato de Glicerilo","6","2 mg + 5 mg + 100 mg / 5 ml","hportillo","hportillo","1462544776","1462544776","GAMMATOS Expectorante"
"122","","22","Aspartato de Arginina","6","5 gr / 10 ml","hportillo","hportillo","1462544831","1462544831","Iren Forte"
"123","","22","Solución Salina Normal","16","045 mg / 0.05 ml","hportillo","hportillo","1462544916","1462544916","S.S.N."
"127","7401077800556","23","Vit. A, D, E, K Y C","9","120.000 UI + 6.000 UI + 75 mg + 60 mg en 5 ml","hportillo","hportillo","1464710016","1464710051","VITADEK C"
"128","7401077800556","23","Vit. A, D, E, K Y C","9","40.000 UI + 6.000 UI + 3 mg + 45 mg + 40 mg / 5 ml","hportillo","hportillo","1464710181","1464710181","VITADEK C Niños"
"99","765446070641","15","amantadina + clorfeniramina + Fenilefrina + acetaminofen","8","50 mg + 2 mg + 5 mg + 400 mg","hportillo","hportillo","1459800193","1582300210","Viroflu"
"129","7410031590198","23","Nafazolina","12","0.1%","hportillo","hportillo","1464710314","1464710314","Ultra Clear"
"130","7401010902378","23","Aspartato de Arginina","9","5 gr / 10 ml","hportillo","hportillo","1464710584","1464710584","Arginina Forte"
"131","7415100203542","23","Vit. B1 + B6 + B12","10","100 mg + 100 mg + 10.000 mcg","hportillo","hportillo","1464710666","1464710684","Nervi Doce"
"132","7401092204612","5","Azitromicina","6","200 mg / 5 ml","hportillo","hportillo","1464711916","1464711916","Medimacrol"
"133","7401092202915","5","Azitromicina","8","500 mg","hportillo","hportillo","1464711960","1464711960","Medimacrol"
"134","7410004200215","23","Vitamina C + Acido Glutámico + Tiamina + Piridoxina + B12","6","600 mg + 500 mg +  300 mg + 100 mg + 0.3 mcg / 100 ml","hportillo","hportillo","1464712776","1464712776","Vitamin C"
"135","7410061200364","23","Lisina + Vit. A + B1 + B2 + B6 + B12 + C + D3 + Nicotinamida + D -Pantenol","6","100 mg + 1150 UI + 2 MG + 5 MG + 3 MG + 500 mcg + 60 mg + 550 UI + 20 mg + 5 mg / 5 ml","hportillo","hportillo","1464713607","1464713607","Nutrifer - L"
"136","0","23","Fluconazol","8","200 mg","hportillo","hportillo","1464714347","1464714347","Fluconazol"
"140","7410002004716","23","Sucralfato","14","1 gr","hportillo","hportillo","1464714865","1464714865","Sucrassyl"
"141","7410002010250","23","Simeticona","7","50 mg","hportillo","hportillo","1464714915","1464714915","Anaflat"
"142","2","23","Diloxan","7","500","hportillo","hportillo","1464715043","1464715043","Furoato de Diloxanida"
"143","3","23","Dimenhidrinato","7","50 mg","hportillo","hportillo","1464715099","1464715099","Dimenhidrinato"
"138","711604102006","23","Ibuprofeno","6","100 mg / 5 ml","hportillo","hportillo","1464714615","1464715639","Dolefrin"
"144","7410004200062","23","Acetaminiofen + Guaifenesina + Dextrometorfan + Clorfeniramina","6","120 mg + 50 mg + 75 mg +2 mg / 5 ml","hportillo","hportillo","1464717044","1464717044","Tospanol"
"145","7410002009612","23","Dextrometorfan + Carboximetilcisteina + Clorfeniramina","6","5 mg + 150 mg + 2.5 mg / 5 ml","hportillo","hportillo","1464729546","1464729546","Carbotussin"
"147","310742039504","24","Peróxido de Benzoilo","23","5%","hportillo","hportillo","1464730486","1464730486","OXI - 5"
"148","310742039535","24","Peróxido de Benzoilo","23","10%","hportillo","hportillo","1464730525","1464730525","OXI - 10"
"149","7401122800104","24","Extracto de Manzanilla + aceite de almendras","22","125 gr","hportillo","hportillo","1464730586","1464730586","Oleoderm"
"146","310742039801","24","Acido Salicílico + Aloe Vera","22","90 gr","hportillo","hportillo","1464730241","1464731165","OXI - Clean Aloe Vera"
"150","310742030990","24","Acido Salicílico con Azufre","22","90 gr","hportillo","hportillo","1464731235","1464731235","OXI - Clean Azufre"
"151","019006501138","16","Bromuro de Otilonio","7","40 mg","hportillo","hportillo","1464734738","1464734738","Dazel"
"153","7703889016102","8","Lactulosa","6","66.7 g / 100 ml","hportillo","hportillo","1464882378","1464882406","Lactulax"
"154","7703889154279","8","Fenilefrina + Loratadina + Acetaminofen","6","5 mg + 2.5 mg + 325 mg / 5 ml","hportillo","hportillo","1464882465","1464882465","Descongel gripa"
"155","7703889154903","8","Fenilefrina + Loratadina + Acetaminofen","11","2 mg + 1 mg + 100 mg / 1 ml","hportillo","hportillo","1464882526","1464882549","Descongelito Gripa"
"156","","10","Trimetropin Sulfametoxazol","6","40 - 200 mg / 5 ml","hportillo","hportillo","1464885954","1464885954","Nor - Prim"
"161","7410031490603","23","Guaifenesina + Bromfeniramina + Fenilefrina + Dextrometorfan","6","100 mg + 4 mg + 5 mg + 10 mg / 5 ml","hportillo","hportillo","1464886886","1464886886","Toscamed"
"162","7410031490597","23","Guaifenesina + Bromfeniramina + Fenilefrina + Dextrometorfan","11","20 mg + 0.4 mg + 0.5 mg + 2 mg / 1 ml","hportillo","hportillo","1464886973","1464886973","Toscamed"
"164","7410031491396","23","Extracto de flores de manzanilla","20","366.5 mg / 1 ml","hportillo","hportillo","1464887199","1464887199","Medillosan"
"165","7410002000794","23","Tobramicina + Dexametasona","12","3 mg + 1 mg / 1 ml","hportillo","hportillo","1464887256","1464887256","Iris tobra - D"
"166","7410031490931","23","Vit. A, D3, C, E, B1, B2, B6, B12, B3","11","1500 UI + 400 UI + 35 mg + 400 mcg + 0.5 mg + 0.6 mg + 0.4 mg 2 mcg + 8 mg / 1 ml","hportillo","hportillo","1464887601","1464887601","Totalvit poly"
"160","7896269904417","26","Aciclovir","19","5%","hportillo","hportillo","1464886777","1464887843","Zovirax"
"159","5033439032965","26","Furoato de Fluticasona","16","27.5 mcg / dosis","hportillo","hportillo","1464886740","1464887869","Avamys"
"158","7861028101246","26","Salbutamol","17","100 mcg / dosis","hportillo","hportillo","1464886684","1464887901","Ventolin"
"167","","12","Amoxicilina - Acido Clavulánico","7","1 gr","hportillo","hportillo","1464891760","1464891760","Clavimox BID"
"169","","12","Hedera Helix","6","120 ml","hportillo","hportillo","1464891837","1464891837","Hedralix"
"168","","12","Amoxicilina - Acido Clavulánico","6","400 mg + 575 / 5 ml","hportillo","hportillo","1464891801","1464968323","Clavimox BID"
"171","7410061200104","6","Betametasona + Gentamicina + Clortrimazol + Clioquinol","19","0.05 gr + 0.10 gr + 1 gr 1 gr / 100 gr","hportillo","hportillo","1465927172","1465927172","Derma 4"
"173","","11","Propinoxato + Clonixinato de Lisina","24","tableta","hportillo","hportillo","1465941345","1465941345","Farsental compuesto"
"152","","25","Cefixima","7","400 mg","hportillo","hportillo","1464881138","1473109382","Etadex (Lancasco)"
"174","7410003000700","19","Psyllium plantago","25","50 g / 100 gr","hportillo","hportillo","1467220383","1467220446","Fibromucilan - DB"
"175","74100300090","19","Clotrimazol","19","1%","hportillo","hportillo","1467220715","1467220715","Clotrimazol - DB"
"176","7410003000298","19","Nistatina","11","100,000 UI / ml","hportillo","hportillo","1467220769","1467220769","Nistatina - DB"
"177","7410002010052","4","Amantadina + Clorfeniramina + Fenilefrina + Acetaminofen","8","50 mg + 2 mg + 5 mg + 325 mg","hportillo","hportillo","1467323769","1467323769","Sudagrip"
"178","7410002010083","4","Amantadina + Clorfeniramina + Fenilefrina + Acetaminofen + Vitamina C","14","50 mg + 4 mg + 10 mg + 500 mg + 50 mg","hportillo","hportillo","1467323862","1467323862","Sudagrip"
"179","","27","Decualinio cloruro +Acetato de hidrocortisona + Tirotricina + Lidocaina clorhidrato","20","100 mg + 60 mg + 400 mg + 100 mg / 10 ml","hportillo","hportillo","1472153143","1472153143","Anginovac"
"180","","27","Bromhidrato de Glutamato de Mg + Acido alfa-amino butírico + vitamina B6","8","75 mg + 75 mg + 37 mg","hportillo","hportillo","1472153291","1472153291","Gamalate B6"
"126","7501314701759","36","Fosfomicina","8","500 mg","hportillo","hportillo","1464709876","1506463494","Fosfocil"
"137","7410000101141","41","Benzoato de Bencilo","21","25 gr / 100 ml","hportillo","hportillo","1464714393","1508009759","Escabisan"
"181","","27","Glutodidna + Aspartato de Arginina","9","3 mg + 1 gr/ 10 ml","hportillo","hportillo","1472153347","1472153347","Dynamogén"
"182","","27","Fosfomicina","14","2 gr","hportillo","hportillo","1472153412","1472153412","Rigresan"
"183","","27","Diclofenaco","23","1 gr / 100 gr","hportillo","hportillo","1472153463","1472153463","Dolotren gel"
"184","","8","Dicloxacilina","6","250 mg / 5 ml","hportillo","hportillo","1472307125","1472307125","Dixalin"
"185","","8","Lactulosa","15","10 gr / 15 ml","hportillo","hportillo","1472307175","1472307175","Lactulax"
"172","","11","Cefixima","6","100 mg // 5 ml","hportillo","hportillo","1465941061","1535486373","Cefibac"
"139","003005160120","23","Ibuprofeno","7","600 mg","hportillo","hportillo","1464714658","1558387907","Ibuprofeno"
"458","7501065054685","26","Vit. A + D","6","200 ml","hportillo","hportillo","1584390311","1584390311","Emulsion Scott Naranja"
"186","","23","Amoxicilina","8","500 mg","hportillo","hportillo","1472493226","1472493226","Amoxicilina"
"187","","23","Amoxicilina","6","250 mg / 5 ml","hportillo","hportillo","1472493272","1472493272","Amoxicilina"
"188","","23","Betametasona + Dexclorfeniramina","8","0.25 mg / 2 mg","hportillo","hportillo","1472493314","1472493370","Celedexa"
"190","","23","Aminosidina","6","125 mg / 5 ml","hportillo","hportillo","1472493489","1472493489","Gabrokem"
"191","","14","Cetirizina","6","5 mg / 5 ml","hportillo","hportillo","1472493565","1472493565","Talerdin"
"192","","28","Vit. A + D3 + Oxido de Zinc","19","160.000 UI + 24.000 UI + 16 gr en 100 gr","hportillo","hportillo","1472511030","1472511030","Infaderm D.R."
"193","","28","Furoato de Mometasona","19","1 mg en 1 gr","hportillo","hportillo","1472511098","1472511098","Furoderm Arsal"
"194","","28","Hidrocortisona","19","50 mg / 5 gr","hportillo","hportillo","1472511157","1472511157","Hidrocortisona Arsal"
"195","","28","Urea + Para-Amino-Fenil Sulfonamida + Dimetil Amino Fenazona + Ethyl Amino Benzoato + Triclorobutamol","13","50 mg + 100 mg + 30 mg + 30 mg + 30 mg / ml","hportillo","hportillo","1472511260","1472511260","Otomidil"
"196","","28","Tobramicina + Dexametasona","12","0.3 gr + 0.1 gr / 100 ml","hportillo","hportillo","1472511318","1472511318","Todex"
"197","","28","Diclofenac","6","9 mg / 5 ml","hportillo","hportillo","1472511343","1472511343","Dicatan"
"198","","28","Hidroxido de Aluminio + Dimetilpolisiloxano + Hidroxido de Magnesio + Clorhidrato de Metoclopramida","6","215 mg + 25 mg + 80 mg + 1 mg / 5 ml","hportillo","hportillo","1472511425","1472511425","Aeroxano Plus"
"199","","23","Suero Oral","6","30 meq en 1000 ml","hportillo","hportillo","1472513328","1472513328","Pedialyte coco"
"201","","23","Suero Oral","6","60 meq / 1000 ml","hportillo","hportillo","1472513413","1472513413","Pedialyte Uva"
"203","","28","Metocarbamol + Paracetamol","7","400 mg + 350 mg","hportillo","hportillo","1472586454","1472586454","Laxifen"
"205","","10","Lisina + B1 + B12 + B6 + Nicotinamida + Vit A + D3 + Gluconato de Calcio + Acido Fosforico","6","100 mg + 5 mg + 3 mg + 1.5 mg + 5 mcg + 3 mg + 2.5 mg + 1500 UI + 200 UI + 195 mg +30.5 mg / 5 ml","hportillo","hportillo","1472589710","1472589710","Nor-Kedy"
"206","","10","Aciclovir","6","200 mg / 5 ml","hportillo","hportillo","1472589765","1472589765","Nor - Clovir"
"207","","10","Azitromicina","7","500 mg","hportillo","hportillo","1472589802","1472589802","Azitroteg"
"208","","10","Esomeprazol","7","40 mg","hportillo","hportillo","1472589849","1472589849","Esomeprateg 40"
"209","","10","Esomeprazol","7","20 mg","hportillo","hportillo","1472589887","1472589887","Esomeprateg 20"
"210","","10","Aciclovir","7","400 mg","hportillo","hportillo","1472589929","1472589929","Nor - Clovir"
"211","","10","Nitazoxanida","7","500 mg","hportillo","hportillo","1472589988","1472589988","Nor - Tripar"
"212","","10","Desloratadina","6","2.5 mg / 5 ml","hportillo","hportillo","1472590019","1472590019","Deslorateg"
"214","","4","Tobramicina","26","0.3%","hportillo","hportillo","1472595080","1472595080","Iris tobra"
"215","","4","Levosalbutamol","17","50 mcg / inhalacion","hportillo","hportillo","1472595117","1472595117","Respihaler"
"216","","4","Nafazolina","12","0.1%","hportillo","hportillo","1472595158","1472595158","Irisina"
"217","","29","Nifuroxazida","6","220 mg / 5 ml","hportillo","hportillo","1472597965","1472597965","Topron"
"218","","29","Dopropizina","7","30 mg","hportillo","hportillo","1472597994","1472597994","Troferit"
"124","","22","Oxido de Zinc + Almidón de maíz + Lanolina + Vitamina A + Vitamina D","19","15 gr + 15 gr + 7 gr + 1,500 UI + 154 UI","hportillo","hportillo","1462545010","1472831205","Pasta Lassar"
"204","","9","Lactobacillus LB","14","10.000.000 / 160 mg","hportillo","hportillo","1472588898","1472852569","Lacteol Fort"
"219","","22","Vit. A + D3 + Oxido de Zinc","19","1,700 UI + 200,000 UI + 25 gr / 100 gr","hportillo","hportillo","1473095715","1473095715","Pasta Lassar infantil"
"23","","6","Lisina + Vit. A, B1, B2, B6, B12, C,Nicotinamida y D","6","100 mg + 1150 UI + 2 mg + 5 mg + 3 mg+ 500 mcg + 60 mg +550 UI + 20 mg + 5 mg","hportillo","hportillo","1456855343","1473109058","Nutrifer L (Ferson)"
"220","7501043196307","26","Albendazol","7","200 mg","hportillo","hportillo","1473286955","1473286955","Zentel"
"221","7896015568344","26","Mupirocina","19","2 gr / 100 gr","hportillo","hportillo","1473287003","1473287003","Bactroban"
"222","","30","Neomicina + Hidrocortisona + Nafazolina","27","5 mg + 10 mg + 1 mg / 1 ml","hportillo","hportillo","1476739251","1476739251","Idroneomicil"
"223","","30","Dimenhidrinato","7","15 mg","hportillo","hportillo","1476739314","1476739314","Gravol"
"224","","30","Dimenhidrinato","18","25 mg","hportillo","hportillo","1476739364","1476739364","Gravol"
"225","","31","Loratadina","6","5 mg / 5 ml","hportillo","hportillo","1480355219","1480355219","Loratadina Normon"
"226","","31","Loratadina","7","10 mg","hportillo","hportillo","1480355252","1480355252","Loratadina Normon"
"227","","23","Amoxicilina","6","250 mg / 5 ml","hportillo","hportillo","1480360145","1480360145","Amoxicilina Funiver"
"228","","26","Oxido de Zinc + aceite de semillas","19","30 gr","hportillo","hportillo","1480367829","1480367829","Trigopax"
"229","7410002605678","10","Quinfamida + Mebendazol","6","20 + 60 mg / 10 ml","hportillo","hportillo","1486140467","1486140467","Nor-Ameb Plus"
"230","7410002605388","10","Loratadina","6","5 mg / 5 ml","hportillo","hportillo","1486140543","1486140543","Loratadina MN"
"231","7702057567101","10","Quinfamida + Mebendazol","7","150 + 300 mg","hportillo","hportillo","1486141112","1486141112","Quinfateg Plus"
"233","7702057094355","10","Furoato de Mometasona 10 gr","16","0.05%","hportillo","hportillo","1486141349","1486141349","Mometateg"
"234","7702057091620","10","Levofloxacina","7","500 mg","hportillo","hportillo","1486142553","1486142553","Levofloxateg"
"235","7501109910458","23","Acetaminofen","6","160 mg / 5 ml","hportillo","hportillo","1486158404","1486158404","Tylenol"
"236","7501109910465","23","Acetaminofen","11","100 mg / 1 ml","hportillo","hportillo","1486158458","1486158458","Tylenol"
"237","7501033956706","23","Suero Oral","6","45 meq / 1000 ml","hportillo","hportillo","1486158993","1486158993","Pedialyte fresa"
"238","7410061200234","6","Ibuprofeno","7","600 mg","hportillo","hportillo","1486399151","1486399151","Ibuntol 600"
"239","7410061202139","6","Clorferniramina + Fenilefrina + Acetaminofen","6","1 mg + 2.5 mg + 150 mg / 5 ml","hportillo","hportillo","1486399307","1486399307","Griperal"
"240","8470006862209","27","Aspartato de Arginina","9","5 gr /10 ml","hportillo","hportillo","1486401180","1486401180","Potenciator"
"241","765446072898","15","Extracto de Hiedra desecada","6","35 mg / 5 ml","hportillo","hportillo","1486565294","1486565294","Deralix"
"213","","10","Desloratadina","7","5 mg","hportillo","hportillo","1472590059","1508856233","Desloratateg"
"242","7862117782421","21","Diclofenac sodico","19","0.65 gr / 100 gr","hportillo","hportillo","1486565421","1486565421","Gel Analgesico"
"243","7862117782124","21","Silimarina + Coenzima Q + Tiamina + Riboflavina + Piridoxina + Cianocobalamina","8","140 mg + 10 mg + 4.6 mg + 4.7 mg + 4.7 mg + 0.00117 mg","hportillo","hportillo","1486565714","1486565714","Hepalive"
"244","7703454122382","32","Senosidos A y B","6","0.2 gr / 100 ml","hportillo","hportillo","1486566394","1486566394","Senokot"
"245","7703454123501","32","Senosidos A y B","7","8.6 mg","hportillo","hportillo","1486566433","1486566433","Senokot"
"299","7410002603155","10","Zinc","6","10 mg / 5 ml","hportillo","hportillo","1500312485","1500312485","Nor-Crezinc 240"
"459","7501065054708","26","Vit. A + D","6","200 ml","hportillo","hportillo","1584390430","1584390430","Emulsion Scott Cereza"
"301","7410000703895","11","Esomeprazol 40 mg","8","40 mg","hportillo","hportillo","1501010826","1501010826","Farxium"
"248","711604102082","22","Clorfeniramina + Dextrometorfan + Acetaminofen +Guayacolato de Glicerilo","6","1 mg + 7.5 mg + 120 mg +15 mg / 5 ml","hportillo","hportillo","1486567010","1486567010","Coritos antigripal"
"246","7410000114844","28","Loratadina + Betametasona","7","5 mg + 0.25 mg","hportillo","hportillo","1486566826","1486567045","Noxadine"
"279","7410091660336","35","Acido Fusidico","19","2%","hportillo","hportillo","1493736270","1493736270","Bi-fusin"
"249","711604203147","22","Carboximetilcisteina + Dextrometorfan + Clorfeniramina","6","150 mg + 5 mg + 2.5 mg / 5 ml","hportillo","hportillo","1486567263","1486567263","Mediflu"
"250","711604102549","22","Furoato de Mometasona","16","51.73 mcg / 100 mg","hportillo","hportillo","1486567359","1486567359","SIRyALE"
"251","7410003428139","34","Prednisolona","6","15 mg / 5 ml","hportillo","hportillo","1486567568","1486567568","Solona"
"252","7410003424414","34","Diclofenac sodico","19","1 gr / 100 gr","hportillo","hportillo","1486567649","1486567649","Volfenac"
"253","7410030040175","33","Guaifenesina + Fenilefrina + Dextrometorfan","6","66.7 mg + 20 mg + 10 mg  / 5  ml","hportillo","hportillo","1486567725","1486567725","Influtos"
"254","7410030040182","33","Guaifenesina + Fenilefrina + Dextrometorfan","8","100 mg + 30 mg + 10 mg","hportillo","hportillo","1486567775","1486567775","Influtos"
"255","7410003423080","34","Levocetirizina","6","2.5 mg / 5 ml","hportillo","hportillo","1486567814","1486567814","Lecina"
"257","7410030040724","33","Ciproheptadina + Lisina + Triptofano + Vit. B6 + Vit B 12","6","2 mg + 150 mg + 10 mg + 10 mg + 200 mg / 5 ml","hportillo","hportillo","1486567979","1486567979","Apertisan"
"258","7410030040687","33","Cetirizina","6","5 mg / 5 ml","hportillo","hportillo","1486568056","1486568056","Rinaler"
"259","3760095250403","26","Hidroxido de Potasio","6","5%","hportillo","hportillo","1486568103","1486568103","Molutrex"
"260","7410003422007","34","Dextrometorfan + Bromhexina + Clorfeniramina + Fenilefrina","6","15 mg + 4 mg + 2 mg + 5 mg / 5 ml","hportillo","hportillo","1486568217","1486568217","Novixina"
"261","7410003423042","34","Loratadina + Fenilefrina","6","5 mg + 7.5 mg / 5 ml","hportillo","hportillo","1486568375","1486568375","Pharmetine - D"
"262","7410030040410","33","Ciproheptadina + B1 + B2 + B3 + B6","7","4 mg + 10 mg + 6 mg +10 mg + 5 mg","hportillo","hportillo","1486585209","1486585209","Apertisan Vitaminado"
"263","3760095250182","26","Acido Salicilico","28","3%","hportillo","hportillo","1486585924","1486585924","Novophane DS"
"264","3760095250199","26","Acido Salicilico","28","3%","hportillo","hportillo","1486586174","1486586174","Novophane K"
"247","7410000114776","28","Solucion Salina Normal","16","0.9%","hportillo","hportillo","1486566878","1486587024","Aquamar"
"265","7501123018024","30","Bencidamida","20","0.15 g / 100 ml","hportillo","hportillo","1486762075","1486762075","Vantal Bucofaringeo"
"266","7501122962502","30","Levodopropizina","6","30 mg / 5 ml","hportillo","hportillo","1486762147","1486762147","Levocof"
"268","75014681","30","Dimeticona","11","100 mg / 1 ml","hportillo","hportillo","1486762300","1486762300","Espaven"
"269","7410002001159","4","Nitazoxanida 60 ml","6","100 mg / 5 ml","hportillo","hportillo","1486763246","1486763246","Zoxanid"
"271","7410000702720","11","Nitazoxanida","6","100 mg / 5 ml","hportillo","hportillo","1487083892","1487083968","Farnitox 30 ml"
"272","7401010901920","12","Saccharomyces boulardii","14","200 mg","hportillo","hportillo","1487259532","1487259532","Florenterol"
"270","7410000702423","11","Carboximetilcisteina + Dextrometorfan + Clorfeniramina","11","50 mg + 4 mg + 0.5 mg / 1 ml","hportillo","hportillo","1487083631","1487270178","Dextrodel antitusivo pediatrico"
"76","7410000701754","11","Propinoxato","11","5 mg / 1 ml","hportillo","hportillo","1456936332","1487270195","Farsental"
"273","7702195107726","35","Montelukast","7","10 mg","hportillo","hportillo","1487367717","1487367717","Asmont 10"
"274","7702195107719","35","Montelukast","7","5 mg","hportillo","hportillo","1487367757","1487367757","Asmont 5"
"275","7702195000041","35","Permetrina 5%","19","5%","hportillo","hportillo","1487367799","1487367799","Gamabenceno Plus"
"276","7702195066665","35","Ivermectina","11","0.6%","hportillo","hportillo","1487367841","1487367841","Kilox"
"170","","12","Nitazoxanida","6","100 mg / 5 ml; 30 ml frasco","hportillo","hportillo","1464891876","1488474916","Nidaxil 30 ml"
"48","","9","Loratadina + Fenilefrina","6","2.5 mg + 7.5 mg / 5 ml","hportillo","hportillo","1456864388","1488899314","Sinhistan - D"
"189","","23","Loratadina + Fenilefrina","8","10 mg + 10 mg","hportillo","hportillo","1472493414","1488899376","Alerkem - D"
"163","7410031491624","23","Amantadina + Clorfeniramina + Fenilefrina + Acetaminofen","8","50 mg + 3 mg + 5 mg + 400 mg","hportillo","hportillo","1464887091","1489436581","Virokem"
"277","7501314704248","36","Aloglutamol","7","500 mg","hportillo","hportillo","1493330182","1493330182","Sabro"
"278","7410091660305","35","Clotrimazol","19","1%","hportillo","hportillo","1493736221","1493736221","Clotrifar"
"280","7410091660268","35","Betametasona + Acido Salicilico","21","0.05% + 2%","hportillo","hportillo","1493736328","1493736328","Betasalic"
"281","741009166404","35","Urea","19","10%","hportillo","hportillo","1493736541","1493736541","Dermol 10"
"282","7410061202146","6","Guaifenesina + Clorferniramina + Fenilefrina + Dextrometorfan","6","50 mg + 1 mg + 2.5 mg 5 mg / 5 ml","hportillo","hportillo","1493741907","1493741907","Tossedal - D"
"283","7410003423110","34","Betametasona + Dexclorfeniramina","6","0.25 mg + 2 mg / 5 ml","hportillo","hportillo","1493748532","1493748532","Betex"
"284","7410000703079","11","Sucralfato","14","1 gr","hportillo","hportillo","1493763760","1493763760","Sucradel"
"285","7410002601052","10","Azitromicina","7","500 mg","hportillo","hportillo","1493764183","1493764183","Nor-Zimax"
"286","7501123019717","32","Acido fòlico + Hierro","8","0.8 mg + 36 mg","hportillo","hportillo","1493829331","1493829331","Uniferfol"
"287","7451079000904","26","Albendazol","6","400 mg","hportillo","hportillo","1493830495","1493830495","Zentel"
"288","7410002010458","4","Aminosidina","7","250 mg","hportillo","hportillo","1493844149","1493844149","Gabrosidina"
"289","709708000694","37","Dextrometorfan + Fenilefrina + Doxilamina + Acetaminofen","6","12 mg + 10 mg + 3 mg + 400 mg / 15 ml","hportillo","hportillo","1493914798","1493914798","Rinoflux - f"
"292","019006501015","16","Vit. B1 + B2 + B6 + B12 + Nicotinamida + D-Pantenol + Fosforo + Hierro + Lisina","6","2 mg + 2 mg + 2 mg + 10 mg + 5 mcg + 5 mg +5.22 mg + 8.9 mg + 300 mg / 15 ml","hportillo","hportillo","1494519040","1494519040","Laverina"
"293","7401092209419","5","Aspartato de Arginina + Lisina + Tiamina + Piridoxina + Cianocobalamina","9","1000 mg + 150 mg + 2 mg + 1 mg + 8 mcg / 15 ml","hportillo","hportillo","1494519343","1494519343","Apetil Crece"
"294","7862117781806","21","Semilla de Linaza y Noni","25","90 gr + 10 gr en 100 gr","hportillo","hportillo","1494519594","1494519594","Noni + Linaza"
"295","7401092203110","5","Dextrometorfan + cloruro de Amonio + Clorfeniramina","6","10 mg + 70 mg + 1 mg / 5 ml","hportillo","hportillo","1494521392","1494521392","Neumoflu Miel"
"297","765446471028","15","Nitrofurantoina + Propinoxato","8","75 mg + 10 mg","hportillo","hportillo","1495045862","1495045862","Urohess"
"298","7702057093969","10","Ciprofibrato","7","100 mg","hportillo","hportillo","1495640564","1495640564","Ciprofibrateg"
"290","004051700186","37","Dextrometorfan + Fenilefrina + Doxilamina + Acetaminofen","8","12 mg + 12.2 mg + 3 mg + 400 mg","hportillo","hportillo","1493914897","1554480670","Rinoflux - f"
"300","7401010902118","36","Montelukast","7","5 mg","hportillo","hportillo","1500657649","1500657649","Pulmokast 5"
"302","7410000702997","11","Cefixima","8","400 mg","hportillo","hportillo","1501010867","1501010867","Cefibac"
"303","7410000703017","11","Fluconazol","8","200 mg","hportillo","hportillo","1501010905","1501010905","Flucodel"
"26","7410061200388","6","Antipirina + Benzocaina + Glicerina","13","50 mg + 15 mg + 1 ml en 1 ml","hportillo","hportillo","1456855516","1505344786","Otofer"
"69","","10","Carboximetilcisteina + Dextrometorfan+ Clorfeniramina","6","150 mg + 5 mg + 2.5 / 5 ml","hportillo","hportillo","1456934730","1505772818","Nor - Tussol Plus"
"256","7410030040069","33","Fosfato Tricalcico + Vit. D","6","220 mg + 400.000 UI / 5 ml","hportillo","hportillo","1486567882","1505774159","Calcinita - d"
"304","7406137000747","38","Cefixima","6","100 mg / 5 ml","hportillo","hportillo","1505858028","1505858028","Zuvine"
"305","711604102181","22","Neomicina + Bacitracina","19","5.000 UI + 250 UI / gr","hportillo","hportillo","1507731572","1507731572","Neoban"
"306","7406137000419","38","Albendazol","6","400 mg / 10 ml","hportillo","hportillo","1507733239","1507733239","Lomzol"
"307","7401078930184","39","ambroxol + clembuterol","6","75 mg + 0005 mg / 5 ml","hportillo","hportillo","1507733599","1507733599","Astan Compuesto"
"308","7401078930061","39","Pipacetato + Guaifenesina","6","10 mg + 25 mg / 5 ml","hportillo","hportillo","1507733658","1507733658","Transpulmin"
"309","7401078930030","39","Pipacetato","27","40 mg / 1 ml","hportillo","hportillo","1507733699","1507733699","Selvigon"
"310","7401078980097","39","Azitromicina","6","200 mg / 5 ml","hportillo","hportillo","1507733734","1507733734","Imbys"
"311","7410031960205","40","Desloratadina","6","2.5 mg / 5 ml","hportillo","hportillo","1507821201","1507821201","Alertec"
"312","7991600161570","40","Nitazoxanida","6","100 mg / 5 ml","hportillo","hportillo","1507821309","1507821309","Anotrim"
"313","7991600161167","40","Clotrimazol","19","1%","hportillo","hportillo","1507821345","1507821345","Clormizol"
"314","0041010207","40","Azitromicina","7","500 mg","hportillo","hportillo","1507821494","1507821494","Valmid"
"315","7501314704880","35","Omeprazol","8","20 mg","hportillo","hportillo","1507822205","1507822205","Ulsen"
"316","7410091665553","35","Urea 5%","19","5%","hportillo","hportillo","1507822259","1507822259","Dermol baby"
"317","3582913050039","41","Acetaminofen","27","100 mg / 1 ml","hportillo","hportillo","1508009725","1508009725","Winasorb"
"318","7410000114431","41","Hidroxido de Alumnio + Dimetilpolisiloxano + kaolin coloidal","6","0.1 gr + 25 mg + 1.0 g / 5 ml","hportillo","hportillo","1508009847","1508009847","Alusor"
"320","011418216037","41","Ibuprofeno","7","50 mg","hportillo","hportillo","1508009937","1508009937","Baykid"
"321","7415100411541","41","Acetato de Calcio + Sulfato de Aluminio","25","36.45 gr + 54.80 gr / 100 gr","hportillo","hportillo","1508010032","1508010032","Domeboro"
"319","7703763070329","41","Amoxicilina","6","250 mg  / 5  ml","hportillo","hportillo","1508009884","1508013352","Amoxicilina La Sante"
"322","019006502296","9","Amoxicilina","8","500 mg","hportillo","hportillo","1508258734","1508258734","Amoxicilina Lancasco"
"323","019006516606","9","Diclofenaco + Cianocobalamina + Tiamina + Piridoxina","7","50 mg + 1,000 mcg + 50 mg + 50 mg","hportillo","hportillo","1508258809","1508258809","Dolo Nervilan"
"324","019006501039","9","Calamina","6","5 gr / 100 ml","hportillo","hportillo","1508258860","1508258860","Calamina Vitaminada"
"325","019006508014","9","Trimetropin Sulfametoxazol","6","40 mg + 200 mg / 5 ml","hportillo","hportillo","1508258906","1508258906","Enterolan"
"326","","42","Amoxicilina + Ac. Clavulanico","6","400 mg + 57 mg  / 5  ml","hportillo","hportillo","1508275780","1508275862","Clamoxidel"
"327","","42","Ambroxol + Clembuterol","6","7.5 mg + 5 mcg / 5 ml","hportillo","hportillo","1508275908","1508364904","Ambroxel - C"
"328","7410002010878","4","Tobramicina + Dexametasona","26","3 mg + 1 mg / gr","hportillo","hportillo","1508425828","1508425828","Iris Tobra - D"
"329","8433042001476","26","Bromhidrato del glutamato de magnesio + Acido gamma amino butirico + Vit. B6","6","2 gr + 2 gr + 1 gr  / 100 ml","hportillo","hportillo","1508856199","1508856199","Gamalate B6"
"125","765446471417","15","Nifurozaxona + Tetracaina Clorhidrato + Urea","13","225 mg + 1 mg + 5.0 mg /100 ml","hportillo","hportillo","1464707864","1516205698","OTAN"
"330","7410031960311","40","Aminosidina","6","125 mg / 5 ml","hportillo","hportillo","1519055072","1519055072","Hexetec"
"331","7410031960052","40","Aminosidina","7","250 mg","hportillo","hportillo","1519055121","1519055121","Hexetec"
"332","7410003423103","34","Betametasona + Loratadina","7","0.25 mg + 5 mg","hportillo","hportillo","1519068581","1519068581","Betam"
"333","7410000703918","12","Azitromicina","6","200 mg / 5 ml","hportillo","hportillo","1519146276","1519146276","Farmicina"
"334","7406356000627","42","Cefixima","6","100 mg / 5 ml","hportillo","hportillo","1519151094","1519151094","Bac-clor"
"335","7702057091569","10","Fluconazole","8","150 mg","hportillo","hportillo","1519156862","1519156862","Fluconateg"
"336","7401105301116","43","Salbutamol + Beclometasona","17","100 mcg + 50 mcg / inh","hportillo","hportillo","1519163788","1519163788","Ventidos"
"337","7401092203813","36","Vit A +Vit D3 + B1 + B6 + B2 + C + E +Niacinamida+Ac.Folico+Ca Carbonato+sulf ferroso+FlNa+Mg","8","5.000UI+500UI+10mg+2mg+2mg+5mcg+60mg+2mg+20mg+1.25mg+100mg+80mg+2.25mg+4.5mg","hportillo","hportillo","1519229067","1519229067","Fosliplen"
"338","7401010902361","36","Hierro aminoquelado + Acido Folico + Vit B 12","8","150 mg + 800 mcg + 8 mcg","hportillo","hportillo","1519229370","1519229370","Ferkel F-800"
"339","3760095251295","26","Alantoina + Glicerina + Propilen glicol + ..","19","20 ml","hportillo","hportillo","1519248638","1519248638","Cicastim Arnica"
"340","7410000050036","26","SSN 0.9%","16","0.9%","hportillo","hportillo","1519316322","1519316322","Synux"
"341","861028101093","41","Propionato de Fluticasona","20","125 mcg / ihl","hportillo","hportillo","1519760156","1519760156","Flixotide 125"
"342","7401104600777","44","Sulfato ferroso + Tiamina + Piridoxina + Calcio + Nicotinamida + Aspartato de Arginina","6","250 mg + 40 mg + 100 mg + 20 mg + 200 mg + 1000 mg / 100 ml","hportillo","hportillo","1520626917","1520626917","Supersan"
"296","7702195000935","35","Permetrina","28","1%","hportillo","hportillo","1495045587","1524073281","Gamabenceno Shampoo"
"343","7410091660350","35","Hidrocortisona Acetato","19","1%","hportillo","hportillo","1524587240","1524587240","Topi-cort"
"344","2890187212901","23","Ibuprofeno","7","600 mg","hportillo","hportillo","1525383024","1525383024","Ibuprofeno Funiver"
"345","7410031960823","40","Acetaminofen + Eucaliptol + Dextrometorfano + Clorfeniramina","6","125 mg + 0.01 ml + 5 mg +2 mg / 5 ml","hportillo","hportillo","1525470943","1525470943","Bromxitec Plus"
"346","7406356002942","42","Desloratadina","6","2.5 mg / 5 ml","hportillo","hportillo","1525711143","1525711143","Allercur"
"347","7410002602899","10","Zinc Elemental","7","50 mg","hportillo","hportillo","1525711902","1525711902","Nor Crezinc"
"348","4031571061981","36","Amoxicilina + Acido Clavulánico","14","1 gr + 125 mg","hportillo","hportillo","1525722660","1525722660","AmoxiClav-Denk"
"349","7401092211917","36","Betametasona + Clotrimazol + Gentamicina","19","50 mg +1,000 mg +100 mg / 100 gramos","hportillo","hportillo","1525722743","1525722743","Penetracyna 3"
"350","8806453001951","39","Budesonida","16","50 mcg / aplicacion","hportillo","hportillo","1525729851","1525729851","Budek"
"351","572191011401","35","Acido Fusídico + Betametasona","19","20 mg +1 mg / gr","hportillo","hportillo","1526313275","1526313275","Fucicort"
"405","7410000039901","16","Acido Lactico","32","240 ml","hportillo","hportillo","1550856745","1550856745","Intima"
"352","7640153082329","12","Cloruro de Decualinio + Hidrocloruro de cincocaina","7","0.25 mg + 0.03 mg","hportillo","hportillo","1526491861","1526491861","Decatileno"
"353","4005800086380","39","Syndet","29","100 gr","hportillo","hportillo","1532012584","1532012584","Eucerin pH5"
"354","4005800084546","39","Unguento Hidratante","30","99 gr","hportillo","hportillo","1532012876","1532012876","Aquaphor"
"355","4005900259622","39","Oxido de Zinc + Dexpantenol","31","15%","hportillo","hportillo","1532013018","1532013018","Eucerin Baby Crema Protectora"
"356","4005800630958","39","Acido Láctico","32","250 ml","hportillo","hportillo","1532013421","1532013421","Intim Protect"
"357","","36","Nitazoxanida","33","200 mg","hportillo","hportillo","1532021499","1532021499","Plantassel"
"358","7401010901371","36","Lanzoprazol","8","30 mg","hportillo","hportillo","1532021641","1532021641","Lansoprazol"
"359","7702057094591","10","Amoxicilina","8","500 mg","hportillo","hportillo","1532121207","1532121207","Amoxiteg"
"360","7411002159475","45","Extractos de flores de Manzanilla","19","25 gr","hportillo","hportillo","1532468722","1532468722","Kamille"
"361","7411002156337","45","Extractos de flores de Manzanilla","20","30 ml","hportillo","hportillo","1532468805","1532468805","Kamille"
"362","5390387106019","45","Fenazona + Metilo Hidroxibenzoato + Glicerol","13","5% + 0.1% + 100%","hportillo","hportillo","1532469030","1532469030","Tropex"
"363","764600211081","45","Cefixima","34","400 mg","hportillo","hportillo","1532469240","1532469240","Fixim"
"364","765446070375","23","Cloruro de Sodio","14","90 meq / lt","hportillo","hportillo","1532549625","1532549625","Suero Oral Ancalmo Frutas"
"365","7401104601330","44","Vit. A, D3, E, B + minerales y ginseng rojo","34","1250 UI + 165 UI + 2.5 mg +0.641 mg +75 mg","hportillo","hportillo","1532549839","1532549839","Supersan"
"370","74101726","41","Acetaminofen","6","120 mg / 5 ml","hportillo","hportillo","1532632456","1532632456","Acetaminofen MK"
"371","7862117782377","25","Propoleo","6","6 gr / 120 ml","hportillo","hportillo","1532701856","1532701856","Eucamiel"
"368","0120426072018","45","Hidroxido de Aluminio + Hidroxido de Magnesio + Dimetilpolisiloxano","6","450 mg + 450 mg + 75 mg  / 15  ml","hportillo","hportillo","1532618933","1532962847","Magnum"
"384","765446110316","36","Ketoconazol - Pantenol","28","2 gr + 2 gr /100 ml","hportillo","hportillo","1539643512","1539643512","Ketoderm"
"367","4560226072018","45","Clonixinato de Lisina + Propinoxato","34","125 mg + 10 mg","hportillo","hportillo","1532618852","1532962924","Espasmo Dolofor"
"369","7890326072018","45","Lisina + Multivitaminas y Minerales","6","240 ml","hportillo","hportillo","1532618988","1532962955","Medox ABC"
"366","9000017901791","45","Dextrometorfan + Clorfeniramina + Guaifenesina","6","10 mg + 2 mg + 100 mg  / 5 ml","hportillo","hportillo","1532618789","1532974711","Alicol"
"374","7406356000696","42","Amoxicilina + Acido Clavulanico","6","400 mg + 57 mg  / 5 ml","hportillo","hportillo","1533744520","1533744520","Clavudel bid"
"375","7640153082275","12","Diclofenac","23","10 mg / gr","hportillo","hportillo","1533761471","1533761471","Berifen"
"376","7501314703647","36","Loratadina + Fenilefrina","6","5 mg  + 20 mg  / 5 ml","hportillo","hportillo","1533833736","1533833736","Dimegan -D"
"377","7410091665393","36","Azufre","29","10 gr / 100 gr","hportillo","hportillo","1533833792","1533833792","Acnebon"
"378","7640153082299","12","Diclofenac","35","140 mg","hportillo","hportillo","1533930759","1533930759","Berifen"
"385","840736000901","46","Betametasona","19","0.1%","hportillo","hportillo","1539724848","1539724848","Betamed"
"386","840736001236","46","Glicerina Fenicada","13","3%","hportillo","hportillo","1539724940","1539724940","Glicerina Fenicada Meditech"
"31","7410061200234","6","Ibuprofeno","6","100 mg / 5 ml","hportillo","hportillo","1456860337","1534970699","Ibuntol"
"387","840736001489","46","Acido Fusídico","19","2%","hportillo","hportillo","1539725175","1539725175","Fusimed"
"388","840736002011","46","vit. A + D + E + oxido de Zinc + Cloruro de Benzalconio + Lanolina","19","170,000 UI + 25,000 UI + 500 UI + 15 gr + 100 mg +10 gr / 100 gr","hportillo","hportillo","1539725277","1539725277","Vitacream ADE Pediátrico"
"389","840736001519","46","Acido Glutámico + Glicerofostato de Calcio + Vit. B1 + B6 +B12","9","100 mg + 50 mg + 25 mg + 25 mg + 1 mg / 15 ml","hportillo","hportillo","1539725382","1539725382","MediFos"
"232","001030220161","10","Loratadina","7","10 mg","hportillo","hportillo","1486141223","1534971223","Loratadina MN"
"390","74101931","41","Acetaminofen","11","100 mg  / ml","hportillo","hportillo","1539807699","1539807699","Acetaminofen MK Bebés"
"394","840736000734","46","Clortrimazol + Vit A + D + E","19","1 gr + 100.000 mg + 0.625 mg + 500.000 mg / 100 gr","hportillo","hportillo","1541433457","1607449474","Vitacream Plus"
"391","7410002604787","10","Montelukast","7","10 mg","hportillo","hportillo","1539808902","1539808902","Nor-Vento 10"
"73","6180344160029","10","Diclofenac","7","50 mg","hportillo","hportillo","1456935185","1534972984","Nor - Volten"
"157","9044011603660","10","Trimetropin Sulfametoxazol","7","160 - 800 mg","hportillo","hportillo","1464886007","1534973290","Trimetropin"
"379","7401105301161","43","Budesonida","16","100 mcg","hportillo","hportillo","1539378962","1539378962","Budena nasal"
"380","711604102266","22","Betametasona + Clotrimazol + Gentamicina","19","0.64 mg +10 mg + 1.69 mg / gr","hportillo","hportillo","1539381091","1539381091","DDF 3"
"382","7501088500206","29","Amantadina + Clorfeniramina + Paracetamol","11","25 mg +1 mg +150 mg / ml","hportillo","hportillo","1539626159","1539626159","Antifludes pediatrico"
"383","7501314703173","36","Piroxicam","23","0.5%","hportillo","hportillo","1539643421","1539643421","Facicam Gel"
"392","8435232305159","31","Omeprazol","8","20 mg","hportillo","hportillo","1540845119","1540845119","Omeprazol Normon"
"393","8435232321784","31","Amoxicilina + Acido Clavulanico","36","875 + 125 mg","hportillo","hportillo","1540845247","1540845247","Amoxicilina/Ac. Clavulanico Normon"
"381","7401104600579","44","Ciprofoxacino + Hidrocortisona + Lidocaina","13","2 mg +10 mg +50 mg / ml","hportillo","hportillo","1539625504","1542391105","Otik"
"395","764600111664","45","Hierro Aminoquelado","11","8.55 mg / ml","hportillo","hportillo","1544735554","1544735554","Intrafer TF"
"396","7501314701773","36","Fosfomicina","14","3 gr","hportillo","hportillo","1550695554","1550695554","Fosfocil GU"
"397","7401092206616","36","Inositol + Bitartrato de colina + vit. complejo B","9","80 mg + 200 mg2 mg + 2 mg +1 mg + 8 mcg / 15 ml","hportillo","hportillo","1550695669","1550695669","Lipotron"
"398","7406356002041","42","Cefixima","8","400 mg","hportillo","hportillo","1550781040","1550781040","Bac-clor"
"399","7410002012421","47","Dextrometorfan + Carboximetilcisteina + Clorfeniramina","6","5 mg + 150 mg + 25 mg  / 5 ml","hportillo","hportillo","1550851871","1550851871","Antitusivo PL"
"400","7501088507915","47","Azitromicina","6","200 mg  / 5 ml","hportillo","hportillo","1550851906","1550851906","Koptin"
"401","7420002000151","47","Carisoprodol + Naproxeno","7","200 mg  + 500 mg","hportillo","hportillo","1550851953","1550851953","Mus Flex"
"372","018081600118","45","Nitazoxanida","7","500 mg","hportillo","hportillo","1532963443","1554480743","Nodik"
"402","7420002000281","47","Oxido de Mg + Carbonato de Mg + Carbonato de Ca + Simeticona","7","200 mg + 200 mg + 250 mg + 25 mg","hportillo","hportillo","1550852045","1550852045","Antiacid - T MC"
"403","7702184020593","16","Cetirizina","6","5 mg  / 5 ml","hportillo","hportillo","1550856273","1550856273","Cetirizina Ecar"
"404","7410000024556","16","Clotrimazol + Metronidazol","19","2% + 0.75%","hportillo","hportillo","1550856583","1550856583","Gyneduo"
"406","7401104601613","44","Aminosidina","7","250 mg","hportillo","hportillo","1550867312","1550867312","Gabromicina"
"407","7401104601583","44","Aminosidina","6","125 mg  / 5 ml","hportillo","hportillo","1550867339","1550867339","Gabromicina"
"409","7401104601279","44","Metronidazol","23","0.75 gr / 100 gr","hportillo","hportillo","1550867650","1550867650","Metro acné"
"410","7703763270361","45","Ibuprofeno","6","100 mg  / 5 ml","hportillo","hportillo","1551367785","1551367785","Ibuprofeno La Sante"
"443","7410002802800","10","Desloratadina","34","5 mg","hportillo","hportillo","1574276595","1574276595","Desloratadina MK"
"413","7703763750146","45","Vitamina C","7","500 mg","hportillo","hportillo","1551368082","1551368082","Vitamina C La Sante"
"414","8435232302844","31","Ambroxol hidrocloruro","6","15 mg / 5 ml","hportillo","hportillo","1551368859","1551368859","Ambroxol Normon"
"444","7410002010137","47","Aminosidina","6","125 mg  / 5 ml","hportillo","hportillo","1582231078","1582231078","Gabrosidinia"
"445","840736002134","46","Aspartato de Arginina","6","5 gr / 10 ml","hportillo","hportillo","1582231807","1582231807","Argiplus"
"446","840736001793","46","Eucalipto +  Gordolobo + miel de abeja","6","15 ml + 5 ml + 100 ml / 100 ml","hportillo","hportillo","1582231960","1582231960","Medi Miel"
"447","840736001564","46","Simeticona","11","100 mg  / ml","hportillo","hportillo","1582232167","1582232183","Espamed"
"373","280620190026","45","Diclofenaco resinato","6","9 mg / 5 ml","hportillo","hportillo","1532963624","1551450988","Flamydol"
"412","280620190033","45","Hierro Aminoquelado + Acido Folico","7","30 mg + 250 mcg","hportillo","hportillo","1551367933","1551451011","Intrafer"
"411","280620190019","45","Amoxicilina","6","250 mg  / 5 ml","hportillo","hportillo","1551367822","1551451029","Amicil"
"415","711604301256","22","Furoato de Fluticasona","16","27.5 ugr / aplicacion","hportillo","hportillo","1551730744","1551730872","Gammaflux"
"416","7410091665980","36","Urea","29","5%","hportillo","hportillo","1553188709","1553188709","Dermol jabon"
"291","004051700254","37","Buspirona + Bromuro de Clinidio","24","5 mg + 3 mg","hportillo","hportillo","1493914963","1554480592","Colitran Gx"
"202","002908160268","6","Furoato de Diloxanida","7","200 mg","hportillo","hportillo","1472579862","1554481072","Quistameb infantil"
"417","019006501510","9","Ibuprofeno","6","100 mg / 5 ml","hportillo","hportillo","1558117887","1558117887","Ibuprofeno Lancasco"
"418","019006521068","9","Ambroxol hidrocloruro","6","15 mg / 5 ml","hportillo","hportillo","1558117927","1558117927","Ambroxol Lancasco"
"419","7406356002959","42","Desloratadina + Betametasona","6","5 mg  + 0.25 mg / 5 ml","hportillo","hportillo","1558123811","1558123811","Allercur Cort"
"420","7420002001004","47","Acetaminofen 750","7","750 mg","hportillo","hportillo","1558366352","1558366352","Acetan"
"421","7420001130187","47","Oxido de Zinc","19","10 gr / 100 gr","hportillo","hportillo","1558366799","1558366799","Kiderm"
"422","7401018117132","12","Esomeprazol","14","10 mg","hportillo","hportillo","1558623413","1558623413","Metiom"
"423","7401018113080","12","Nitazoxanida","7","500 mg","hportillo","hportillo","1558623443","1558623443","Taquinox"
"424","RECD09974","45","Amoxicilina","7","500 mg","hportillo","hportillo","1558644989","1558644989","Amicil"
"426","711604100095","22","Clotrimazol","19","1%","hportillo","hportillo","1558989754","1558989754","Clomazol"
"425","270520190011","22","Loratadina","7","10 mg","hportillo","hportillo","1558989703","1558990384","Loratadina Gamma"
"427","7411002160600","45","Trimetoprim Sulfametoxazol","7","160 mg + 800 mg","hportillo","hportillo","1561412336","1561412336","Sulfasil Forte"
"428","7410091660312","36","Sulfato de amonio + Acetato de Calcio","14","51.8","hportillo","hportillo","1565622681","1565622681","Polder"
"429","7410002800080","10","Amoxicilina","8","500 mg","hportillo","hportillo","1565622841","1565622841","Amoxicilina MK"
"430","7410002801704","10","Vitamina C","7","500 mg","hportillo","hportillo","1565622908","1565622908","Vitamina C Mk"
"431","7410031491532","48","Quinfamida + Mebendazol","6","20 mg + 60 mg / 10 ml","hportillo","hportillo","1566924106","1566924106","Medibriz infantil"
"432","7415100203818","7","Arginina + L- Carnitina","6","4.5 gr + 1 gr / 15 ml","hportillo","hportillo","1572557637","1572557637","Arginine Forte"
"433","7415100204129","7","Dimenhidrinato","6","15 mg  / 5 ml","hportillo","hportillo","1572557689","1572557689","Dramavol kids"
"434","7415100203559","7","B1 + B6 + B12","10","100 mg +100 mg + 25,000 UI","hportillo","hportillo","1572557765","1572557765","Nervi Doce 25,000"
"435","7410002801056","10","Ibuprofeno","7","600 mg","hportillo","hportillo","1572885667","1572885667","Ibuprofeno MK"
"436","7410002800028","10","Acetaminofen","7","500 mg","hportillo","hportillo","1572885925","1572885925","Acetaminofen MK"
"437","711604202799","22","Glicerina + Fenol","13","10 mg +1 ml / ml","hportillo","hportillo","1572973065","1572973065","Glicerina Fenicada Gamma"
"438","711604102341","22","Azitromicina","8","500 mg","hportillo","hportillo","1572973097","1572973097","Azthomac"
"439","711604101726","22","Azitromicina","6","200 mg  / 5 ml","hportillo","hportillo","1572973124","1572973124","Azthomac"
"440","7406356002096","42","Amoxicilina + Acido Clavulanico","7","875 mg + 125 mg","hportillo","hportillo","1573058663","1573058663","Clavudel Bid"
"441","7452079701013","50","Ac. Glutamico + Cianocobalamina + Piridoxina","7","25 mg +100 mcg + 25 mg","hportillo","hportillo","1573227131","1573227131","Megaglutan"
"442","7452079700580","49","Aspartato de Arginina","9","5 gr / 10 ml","hportillo","hportillo","1573227167","1573227167","Pontex"
"448","711604301409","22","Acetaminofen + Fenilefrina + Clorfeniramina + Dextrometorfan","7","500 mg + 10 mg + 2 mg + 10 mg","hportillo","hportillo","1582304803","1582304803","Rinotapp Flu"
"449","711604301362","22","S.S.N. 100 ml","16","0.9 mg  / 0.1 ml","hportillo","hportillo","1582304951","1582304951","Solución Salina Normal"
"450","764600122394","39","Vit C +D3 + A + E","6","60 mg + 6.000 UI + 75.000 UI + 30 UI / 5 ml","hportillo","hportillo","1582731513","1582731513","Novavit Forte"
"451","7410003100165","51","Vit. B1 + B2 + B3 + B6 + Hierro amoniacal + Ciproheptanida","6","5 mg + 2 mg + 10,000 mg + 2,000 mg + 50,000 mg +2 mg  / 5 ml","hportillo","hportillo","1582732530","1582732530","Hemovitaplex"
"452","7410003100202","51","Dextrometorfan + Guayacolato de glicerilo + Clorfeniramina + Fenilefrina","6","5 mg + 50 mg + 0.66 mg + 2.5 mg  / 5 ml","hportillo","hportillo","1582732603","1582732603","Broncotussin Plus"
"453","7410003101193","51","Vit D3 + A + E+ B1 + B6 + B12 + C + Ginseng","9","662 UI +3310 UI + 60 UI + 20 mg + 10 mg + 15 mcg + 75 mg  100 mg  / 15 ml","hportillo","hportillo","1582732782","1582732782","Ferroprin con Ginseng"
"454","7702057709280","10","Montelukast","7","5 mg","hportillo","hportillo","1582733369","1582733369","Montelukast 5"
"455","769229068016","36","Fluconazole","8","150 mg","hportillo","hportillo","1583160699","1583160699","Fluconazol Calox"
"460","7410003410127","23","Ibuprofeno Ecomed","7","600 mg","hportillo","hportillo","1604432577","1604432577","Ibuprofeno 600 mg"
"461","7410003101599","23","complejo B + Ac. glutamico, + calcio + fòsforo","6","220 ml","hportillo","hportillo","1604432727","1604432727","Ferroprin"
"462","7401010902187","36","Hierro aminoquelado","11","8.55 mg / ml","hportillo","hportillo","1604938048","1604938048","Ferkel TF"
"463","7453001303138","36","Paracetamol 750 mg","34","750 mg","hportillo","hportillo","1604938096","1604938096","Acertar"
"464","7406356000634","42","Hedera Helix","6","35 mg  / 5 ml","hportillo","hportillo","1604954138","1604954138","Hedel"
"465","7702057709266","10","Montelukast 10","34","10 mg","hportillo","hportillo","1604954291","1604954291","Montelukast 10"
"466","7703763750153","45","Vitamina C","7","500 mg","hportillo","hportillo","1605895981","1605895981","Vit. C Naranja La Sante"
"467","7406076103820","16","Multivitaminas en gotas","11","20 ml","hportillo","hportillo","1606841327","1606841327","Hydrosol"
"468","7501314701414","35","Acido Fusidico","19","2%","hportillo","hportillo","1618932601","1618932601","Aceler"
"469","7415100200930","7","Complejo B + Vitmina C + Hierro","6","0.5 mg + 0.6 mg + 6.66 mg + 20 mg + 3 mg / 5 ml","hportillo","hportillo","1618935867","1618935867","Selectavit"
"470","7410091660220","36","Aceite de manì","29","2%","hportillo","hportillo","1618936137","1618936137","Pharmabon"
"457","765446073147","16","Vit. A + Calcio","6","240 ml","hportillo","hportillo","1584372449","1618940839","Bacaoliver"
"471","7410003428610","23","Vitamina C","7","500 mg","hportillo","hportillo","1618947718","1618947718","Vitamina C economed"
"473","7411002154760","45","Acido Glutamico + ATP + B1","7","250 mg + 10 mg + 200 mg","hportillo","hportillo","1619105785","1619105785","Neuroglutan"
"474","7411002182787","45","Vitamina A + D + oxido de Zinc","19","120 gr","hportillo","hportillo","1619105841","1619105841","Babysil"
"475","7410002603193","10","Nitazoxanida","6","60 ml","hportillo","hportillo","1619105882","1619105882","Nor - Tripar"
"476","7406356000160","42","Ambroxol","6","15 mg  / 5 ml","hportillo","hportillo","1619107435","1619107435","Ambroxel"
"477","00002021","45","Multivitaminas y Minerales","7","-","hportillo","hportillo","1619215531","1619215531","Multivitaminas Gamma"
"478","7401104600142","53","Calcio + Ac.Ascòrbico","9","6744 mg + 500 mg / 5 ml","hportillo","hportillo","1619217292","1619217292","Calcio Vitaminado"
"479","7406076102618","53","Suero Oral Melocotòn","6","45 Meq / lt","hportillo","hportillo","1619217428","1619217428","Ydrovit"
"480","00002022","53","Acetaminofèn","6","120 mg  / 5 ml","hportillo","hportillo","1619217458","1619217458","Sintemp"
"408","7401104600920","44","Vit. D + A + E + C","9","0.15 mg + 0.02206 ml + 10 mg + 40 mg","hportillo","hportillo","1550867409","1619218492","Ademar C Infantil"
"481","7401104600913","53","Vitamina A, D, E y C","9","5 ml","hportillo","hportillo","1619218543","1619218543","Ademar C Adultos"
"482","7410001015904","54","Nitazoxanida","7","500 mg","hportillo","hportillo","1619474870","1619474870","Zetidim"
"483","7410001010664","54","Clotrimazol +Sulfixozasol + Alantoina","19","0.01 gr + 0.1 gr + 0.02 gr/ gr","hportillo","hportillo","1619474955","1619474955","Gynox-S"
"484","7406076104346","16","Ibuprofeno","6","100 m / 5 ml","hportillo","hportillo","1620933734","1620933734","Iprofene"
"485","7410175246814","53","Dimenhidrinato","6","25 mg  / 5 ml","hportillo","hportillo","1622041900","1622041900","Dimedrin"
"486","2000321","16","Ibuprofenoç","7","600 mg","hportillo","hportillo","1623095689","1623095689","Ibuprofeno Saimed"
